create database Movies;
use Movies;

CREATE TABLE filmData
(ImdbId VARCHAR(15) NOT NULL,
Type VARCHAR(20),
PRIMARY KEY (ImdbId));

CREATE TABLE filmInfo
(ImdbId VARCHAR(15) NOT NULL,
Title VARCHAR(100) NOT NULL,
Released VARCHAR(100) NOT NULL,
Rated VARCHAR(10) NOT NULL,
Country VARCHAR(100) NOT NULL,
PRIMARY KEY (ImdbId));

CREATE TABLE genreMap
(ImdbId VARCHAR(15) NOT NULL,
GenreId VARCHAR(100) NOT NULL);

CREATE TABLE genre
(GenreId VARCHAR(100) NOT NULL,
Name VARCHAR(100) NOT NULL,
PRIMARY KEY (GenreId));

CREATE TABLE person
(PersonId VARCHAR(100) NOT NULL,
Name VARCHAR(100) NOT NULL);

CREATE TABLE roles
(ImdbId VARCHAR(100) NOT NULL,
PersonId VARCHAR(100) NOT NULL,
Role VARCHAR(100) NOT NULL);

CREATE TABLE rating
(ImdbId VARCHAR(100) NOT NULL,
ImdbVotes VARCHAR(100) NOT NULL,
MetaScore VARCHAR(100) NOT NULL,
ImdbRating VARCHAR(100) NOT NULL,
PRIMARY KEY (ImdbId));

CREATE TABLE rolesMap
(RoleId VARCHAR(100) NOT NULL,
Name VARCHAR(100) NOT NULL);

insert into rolesMap values ('0', 'Actor');
insert into rolesMap values ('1', 'Director');
insert into rolesMap values ('2', 'Writer');

insert into roles values ('tt3460252', '1', '2');
insert into roles values ('tt3460252', '1', '1');
insert into roles values ('tt3460252', '2', '0');
insert into roles values ('tt3460252', '3', '0');
insert into roles values ('tt3460252', '4', '0');
insert into roles values ('tt3460252', '5', '0');
insert into genreMap values ('tt3460252', '1');
insert into genreMap values ('tt3460252', '2');
insert into genreMap values ('tt3460252', '3');
insert into filmData values ('tt3460252', 'movie');
insert into rating values ('tt3460252', '270,363', '68', '7.9');
insert into filmInfo values ('tt3460252', 'The Hateful Eight', '30 Dec 2015', 'R', 'USA');
insert into roles values ('tt2401878', '6', '2');
insert into roles values ('tt2401878', '7', '2');
insert into roles values ('tt2401878', '8', '1');
insert into roles values ('tt2401878', '6', '1');
insert into roles values ('tt2401878', '9', '0');
insert into roles values ('tt2401878', '4', '0');
insert into roles values ('tt2401878', '10', '0');
insert into genreMap values ('tt2401878', '4');
insert into genreMap values ('tt2401878', '5');
insert into genreMap values ('tt2401878', '2');
insert into filmData values ('tt2401878', 'movie');
insert into rating values ('tt2401878', '30,651', '88', '7.3');
insert into filmInfo values ('tt2401878', 'Anomalisa', '21 Jan 2016', 'R', 'USA');
insert into roles values ('tt3387542', '11', '2');
insert into roles values ('tt3387542', '12', '2');
insert into roles values ('tt3387542', '13', '2');
insert into roles values ('tt3387542', '14', '1');
insert into roles values ('tt3387542', '15', '0');
insert into roles values ('tt3387542', '16', '0');
insert into roles values ('tt3387542', '17', '0');
insert into roles values ('tt3387542', '18', '0');
insert into genreMap values ('tt3387542', '6');
insert into genreMap values ('tt3387542', '3');
insert into genreMap values ('tt3387542', '7');
insert into filmData values ('tt3387542', 'movie');
insert into rating values ('tt3387542', '20,391', '34', '4.8');
insert into filmInfo values ('tt3387542', 'The Forest', '08 Jan 2016', 'PG-13', 'USA');
insert into roles values ('tt1663202', '19', '2');
insert into roles values ('tt1663202', '20', '2');
insert into roles values ('tt1663202', '21', '2');
insert into roles values ('tt1663202', '22', '1');
insert into roles values ('tt1663202', '23', '0');
insert into roles values ('tt1663202', '24', '0');
insert into roles values ('tt1663202', '25', '0');
insert into roles values ('tt1663202', '26', '0');
insert into genreMap values ('tt1663202', '8');
insert into genreMap values ('tt1663202', '2');
insert into genreMap values ('tt1663202', '7');
insert into filmData values ('tt1663202', 'movie');
insert into rating values ('tt1663202', '399,974', '76', '8.1');
insert into filmInfo values ('tt1663202', 'The Revenant', '08 Jan 2016', 'R', 'USA, Hong Kong, Taiwan, Canada');
insert into roles values ('tt3103166', '27', '2');
insert into roles values ('tt3103166', '27', '2');
insert into roles values ('tt3103166', '28', '2');
insert into roles values ('tt3103166', '29', '1');
insert into roles values ('tt3103166', '28', '0');
insert into roles values ('tt3103166', '30', '0');
insert into roles values ('tt3103166', '31', '0');
insert into roles values ('tt3103166', '32', '0');
insert into genreMap values ('tt3103166', '9');
insert into genreMap values ('tt3103166', '10');
insert into genreMap values ('tt3103166', '1');
insert into filmData values ('tt3103166', 'movie');
insert into rating values ('tt3103166', '333', '22', '4.7');
insert into filmInfo values ('tt3103166', 'The Masked Saint', '22 Jan 2016', 'PG-13', 'Canada');
insert into roles values ('tt0315642', '33', '2');
insert into roles values ('tt0315642', '34', '2');
insert into roles values ('tt0315642', '35', '2');
insert into roles values ('tt0315642', '36', '2');
insert into roles values ('tt0315642', '37', '2');
insert into roles values ('tt0315642', '38', '2');
insert into roles values ('tt0315642', '39', '2');
insert into roles values ('tt0315642', '40', '2');
insert into roles values ('tt0315642', '41', '1');
insert into roles values ('tt0315642', '42', '0');
insert into roles values ('tt0315642', '43', '0');
insert into roles values ('tt0315642', '44', '0');
insert into roles values ('tt0315642', '45', '0');
insert into genreMap values ('tt0315642', '9');
insert into genreMap values ('tt0315642', '1');
insert into genreMap values ('tt0315642', '2');
insert into filmData values ('tt0315642', 'movie');
insert into rating values ('tt0315642', '9,181', 'N/A', '7.2');
insert into filmInfo values ('tt0315642', 'Wazir', '08 Jan 2016', 'N/A', 'India');
insert into roles values ('tt3317208', '46', '2');
insert into roles values ('tt3317208', '46', '1');
insert into roles values ('tt3317208', '47', '0');
insert into roles values ('tt3317208', '48', '0');
insert into roles values ('tt3317208', '49', '0');
insert into roles values ('tt3317208', '50', '0');
insert into genreMap values ('tt3317208', '2');
insert into genreMap values ('tt3317208', '7');
insert into filmData values ('tt3317208', 'movie');
insert into rating values ('tt3317208', '1,632', '55', '6.1');
insert into filmInfo values ('tt3317208', 'Anesthesia', '08 Jan 2016', 'R', 'USA');
insert into roles values ('tt4515684', '51', '2');
insert into roles values ('tt4515684', '51', '1');
insert into roles values ('tt4515684', '52', '0');
insert into roles values ('tt4515684', '53', '0');
insert into roles values ('tt4515684', '54', '0');
insert into roles values ('tt4515684', '55', '0');
insert into genreMap values ('tt4515684', '5');
insert into filmData values ('tt4515684', 'movie');
insert into rating values ('tt4515684', '1,259', '85', '6.8');
insert into filmInfo values ('tt4515684', 'The Treasure', '08 Jan 2016', 'N/A', 'Romania, France');
insert into roles values ('tt3908598', '56', '2');
insert into roles values ('tt3908598', '57', '2');
insert into roles values ('tt3908598', '58', '2');
insert into roles values ('tt3908598', '58', '1');
insert into roles values ('tt3908598', '58', '0');
insert into roles values ('tt3908598', '59', '0');
insert into roles values ('tt3908598', '60', '0');
insert into roles values ('tt3908598', '61', '0');
insert into genreMap values ('tt3908598', '2');
insert into filmData values ('tt3908598', 'movie');
insert into rating values ('tt3908598', '1,157', '62', '6.4');
insert into filmInfo values ('tt3908598', 'Lamb', '12 Jan 2016', 'R', 'USA');
insert into roles values ('tt2992000', '62', '2');
insert into roles values ('tt2992000', '62', '1');
insert into roles values ('tt2992000', '63', '0');
insert into roles values ('tt2992000', '64', '0');
insert into roles values ('tt2992000', '65', '0');
insert into roles values ('tt2992000', '66', '0');
insert into genreMap values ('tt2992000', '2');
insert into filmData values ('tt2992000', 'movie');
insert into rating values ('tt2992000', '448', '59', '4.8');
insert into filmInfo values ('tt2992000', 'Yosemite', '01 Jan 2016', 'R', 'France');
insert into roles values ('tt2869728', '67', '2');
insert into roles values ('tt2869728', '68', '2');
insert into roles values ('tt2869728', '69', '2');
insert into roles values ('tt2869728', '70', '1');
insert into roles values ('tt2869728', '71', '0');
insert into roles values ('tt2869728', '72', '0');
insert into roles values ('tt2869728', '73', '0');
insert into roles values ('tt2869728', '74', '0');
insert into genreMap values ('tt2869728', '9');
insert into genreMap values ('tt2869728', '5');
insert into filmData values ('tt2869728', 'movie');
insert into rating values ('tt2869728', '28,043', '32', '5.9');
insert into filmInfo values ('tt2869728', 'Ride Along 2', '15 Jan 2016', 'PG-13', 'USA');
insert into roles values ('tt4172430', '75', '2');
insert into roles values ('tt4172430', '76', '2');
insert into roles values ('tt4172430', '77', '1');
insert into roles values ('tt4172430', '78', '0');
insert into roles values ('tt4172430', '79', '0');
insert into roles values ('tt4172430', '80', '0');
insert into roles values ('tt4172430', '81', '0');
insert into genreMap values ('tt4172430', '9');
insert into genreMap values ('tt4172430', '2');
insert into genreMap values ('tt4172430', '7');
insert into filmData values ('tt4172430', 'movie');
insert into rating values ('tt4172430', '45,313', '48', '7.4');
insert into filmInfo values ('tt4172430', '13 Hours', '15 Jan 2016', 'R', 'USA');
insert into roles values ('tt1594972', '82', '2');
insert into roles values ('tt1594972', '83', '2');
insert into roles values ('tt1594972', '84', '2');
insert into roles values ('tt1594972', '85', '2');
insert into roles values ('tt1594972', '86', '2');
insert into roles values ('tt1594972', '87', '2');
insert into roles values ('tt1594972', '88', '1');
insert into roles values ('tt1594972', '89', '0');
insert into roles values ('tt1594972', '90', '0');
insert into roles values ('tt1594972', '91', '0');
insert into roles values ('tt1594972', '92', '0');
insert into genreMap values ('tt1594972', '4');
insert into genreMap values ('tt1594972', '8');
insert into genreMap values ('tt1594972', '5');
insert into filmData values ('tt1594972', 'movie');
insert into rating values ('tt1594972', '4,568', '21', '3.7');
insert into filmInfo values ('tt1594972', 'Norm of the North', '15 Jan 2016', 'PG', 'India, USA');
insert into roles values ('tt4048668', '93', '2');
insert into roles values ('tt4048668', '94', '2');
insert into roles values ('tt4048668', '95', '2');
insert into roles values ('tt4048668', '93', '1');
insert into roles values ('tt4048668', '94', '1');
insert into roles values ('tt4048668', '96', '0');
insert into roles values ('tt4048668', '94', '0');
insert into roles values ('tt4048668', '97', '0');
insert into roles values ('tt4048668', '98', '0');
insert into genreMap values ('tt4048668', '8');
insert into genreMap values ('tt4048668', '5');
insert into genreMap values ('tt4048668', '1');
insert into filmData values ('tt4048668', 'movie');
insert into rating values ('tt4048668', '1,986', '57', '6.0');
insert into filmInfo values ('tt4048668', 'Band of Robbers', '15 Apr 2016', 'N/A', 'USA');
insert into roles values ('tt3165630', '99', '2');
insert into roles values ('tt3165630', '99', '1');
insert into roles values ('tt3165630', '100', '0');
insert into roles values ('tt3165630', '101', '0');
insert into roles values ('tt3165630', '102', '0');
insert into roles values ('tt3165630', '103', '0');
insert into genreMap values ('tt3165630', '2');
insert into filmData values ('tt3165630', 'movie');
insert into rating values ('tt3165630', '2,265', '40', '5.1');
insert into filmInfo values ('tt3165630', 'The Benefactor', '15 Jan 2016', 'N/A', 'USA');
insert into roles values ('tt2718440', '104', '2');
insert into roles values ('tt2718440', '105', '1');
insert into roles values ('tt2718440', '106', '0');
insert into roles values ('tt2718440', '107', '0');
insert into roles values ('tt2718440', '108', '0');
insert into roles values ('tt2718440', '109', '0');
insert into genreMap values ('tt2718440', '5');
insert into filmData values ('tt2718440', 'movie');
insert into rating values ('tt2718440', '4,670', '39', '6.1');
insert into filmInfo values ('tt2718440', 'Moonwalkers', '15 Jan 2016', 'R', 'France');
insert into roles values ('tt3577624', '110', '2');
insert into roles values ('tt3577624', '111', '2');
insert into roles values ('tt3577624', '112', '2');
insert into roles values ('tt3577624', '110', '1');
insert into roles values ('tt3577624', '113', '0');
insert into roles values ('tt3577624', '114', '0');
insert into roles values ('tt3577624', '115', '0');
insert into roles values ('tt3577624', '116', '0');
insert into genreMap values ('tt3577624', '5');
insert into genreMap values ('tt3577624', '2');
insert into genreMap values ('tt3577624', '11');
insert into filmData values ('tt3577624', 'movie');
insert into rating values ('tt3577624', '9,412', '60', '6.8');
insert into filmInfo values ('tt3577624', 'A Perfect Day', '15 Jan 2016', 'R', 'Spain');
insert into roles values ('tt1860213', '117', '2');
insert into roles values ('tt1860213', '118', '1');
insert into roles values ('tt1860213', '119', '0');
insert into roles values ('tt1860213', '120', '0');
insert into roles values ('tt1860213', '121', '0');
insert into roles values ('tt1860213', '122', '0');
insert into genreMap values ('tt1860213', '5');
insert into filmData values ('tt1860213', 'movie');
insert into rating values ('tt1860213', '48,106', '18', '6.0');
insert into filmInfo values ('tt1860213', 'Dirty Grandpa', '22 Jan 2016', 'R', 'USA');
insert into roles values ('tt2304933', '123', '2');
insert into roles values ('tt2304933', '124', '2');
insert into roles values ('tt2304933', '125', '2');
insert into roles values ('tt2304933', '126', '2');
insert into roles values ('tt2304933', '127', '1');
insert into roles values ('tt2304933', '128', '0');
insert into roles values ('tt2304933', '129', '0');
insert into roles values ('tt2304933', '130', '0');
insert into roles values ('tt2304933', '131', '0');
insert into genreMap values ('tt2304933', '9');
insert into genreMap values ('tt2304933', '8');
insert into genreMap values ('tt2304933', '12');
insert into filmData values ('tt2304933', 'movie');
insert into rating values ('tt2304933', '54,662', '33', '5.2');
insert into filmInfo values ('tt2304933', 'The 5th Wave', '22 Jan 2016', 'PG-13', 'USA');
insert into roles values ('tt3882082', '132', '2');
insert into roles values ('tt3882082', '133', '1');
insert into roles values ('tt3882082', '134', '0');
insert into roles values ('tt3882082', '135', '0');
insert into roles values ('tt3882082', '136', '0');
insert into roles values ('tt3882082', '137', '0');
insert into genreMap values ('tt3882082', '6');
insert into genreMap values ('tt3882082', '3');
insert into genreMap values ('tt3882082', '7');
insert into filmData values ('tt3882082', 'movie');
insert into rating values ('tt3882082', '35,297', '42', '6.0');
insert into filmInfo values ('tt3882082', 'The Boy', '22 Jan 2016', 'PG-13', 'USA, China, Canada');
insert into roles values ('tt2888046', '138', '2');
insert into roles values ('tt2888046', '139', '2');
insert into roles values ('tt2888046', '140', '2');
insert into roles values ('tt2888046', '141', '1');
insert into roles values ('tt2888046', '142', '0');
insert into roles values ('tt2888046', '143', '0');
insert into roles values ('tt2888046', '144', '0');
insert into roles values ('tt2888046', '145', '0');
insert into genreMap values ('tt2888046', '9');
insert into genreMap values ('tt2888046', '10');
insert into genreMap values ('tt2888046', '2');
insert into filmData values ('tt2888046', 'movie');
insert into rating values ('tt2888046', '21,457', '57', '7.2');
insert into filmInfo values ('tt2888046', 'Ip Man 3', '24 Dec 2015', 'PG-13', 'Hong Kong');
insert into roles values ('tt2049543', '146', '2');
insert into roles values ('tt2049543', '146', '2');
insert into roles values ('tt2049543', '147', '2');
insert into roles values ('tt2049543', '146', '1');
insert into roles values ('tt2049543', '148', '0');
insert into roles values ('tt2049543', '149', '0');
insert into roles values ('tt2049543', '150', '0');
insert into roles values ('tt2049543', '151', '0');
insert into genreMap values ('tt2049543', '3');
insert into genreMap values ('tt2049543', '12');
insert into genreMap values ('tt2049543', '7');
insert into filmData values ('tt2049543', 'movie');
insert into rating values ('tt2049543', '4,086', '39', '5.4');
insert into filmInfo values ('tt2049543', 'Synchronicity', '22 Jan 2016', 'R', 'USA');
insert into roles values ('tt3781476', '152', '2');
insert into roles values ('tt3781476', '153', '2');
insert into roles values ('tt3781476', '154', '1');
insert into roles values ('tt3781476', '155', '0');
insert into roles values ('tt3781476', '156', '0');
insert into roles values ('tt3781476', '157', '0');
insert into roles values ('tt3781476', '158', '0');
insert into genreMap values ('tt3781476', '9');
insert into genreMap values ('tt3781476', '8');
insert into genreMap values ('tt3781476', '5');
insert into filmData values ('tt3781476', 'movie');
insert into rating values ('tt3781476', '2,406', '53', '6.2');
insert into filmInfo values ('tt3781476', 'Monster Hunt', '22 Jan 2016', 'N/A', 'China, Hong Kong');
insert into roles values ('tt2322517', '159', '2');
insert into roles values ('tt2322517', '160', '1');
insert into roles values ('tt2322517', '161', '0');
insert into roles values ('tt2322517', '162', '0');
insert into roles values ('tt2322517', '163', '0');
insert into roles values ('tt2322517', '164', '0');
insert into genreMap values ('tt2322517', '7');
insert into filmData values ('tt2322517', 'movie');
insert into rating values ('tt2322517', '1,911', '41', '5.3');
insert into filmInfo values ('tt2322517', 'Mojave', '03 Dec 2015', 'R', 'USA');
insert into roles values ('tt4374460', '165', '2');
insert into roles values ('tt4374460', '166', '2');
insert into roles values ('tt4374460', '167', '1');
insert into roles values ('tt4374460', '168', '0');
insert into roles values ('tt4374460', '169', '0');
insert into roles values ('tt4374460', '52', '0');
insert into roles values ('tt4374460', '170', '0');
insert into genreMap values ('tt4374460', '8');
insert into genreMap values ('tt4374460', '5');
insert into genreMap values ('tt4374460', '2');
insert into filmData values ('tt4374460', 'movie');
insert into rating values ('tt4374460', '3,825', '84', '7.7');
insert into filmInfo values ('tt4374460', 'Aferim!', '22 Jan 2016', 'N/A', 'Romania, Bulgaria, Czech Republic, France');
insert into roles values ('tt4019560', '171', '2');
insert into roles values ('tt4019560', '172', '1');
insert into roles values ('tt4019560', '173', '0');
insert into roles values ('tt4019560', '174', '0');
insert into roles values ('tt4019560', '175', '0');
insert into roles values ('tt4019560', '176', '0');
insert into genreMap values ('tt4019560', '1');
insert into genreMap values ('tt4019560', '2');
insert into genreMap values ('tt4019560', '3');
insert into filmData values ('tt4019560', 'movie');
insert into rating values ('tt4019560', '6,183', '23', '4.2');
insert into filmInfo values ('tt4019560', 'Exposed', '22 Jan 2016', 'R', 'USA');
insert into roles values ('tt2267968', '177', '2');
insert into roles values ('tt2267968', '178', '2');
insert into roles values ('tt2267968', '179', '1');
insert into roles values ('tt2267968', '180', '1');
insert into roles values ('tt2267968', '181', '0');
insert into roles values ('tt2267968', '182', '0');
insert into roles values ('tt2267968', '183', '0');
insert into roles values ('tt2267968', '184', '0');
insert into genreMap values ('tt2267968', '4');
insert into genreMap values ('tt2267968', '9');
insert into genreMap values ('tt2267968', '8');
insert into filmData values ('tt2267968', 'movie');
insert into rating values ('tt2267968', '64,456', '66', '7.2');
insert into filmInfo values ('tt2267968', 'Kung Fu Panda 3', '29 Jan 2016', 'PG', 'USA, China');
insert into roles values ('tt2025690', '185', '2');
insert into roles values ('tt2025690', '186', '2');
insert into roles values ('tt2025690', '187', '2');
insert into roles values ('tt2025690', '188', '2');
insert into roles values ('tt2025690', '189', '2');
insert into roles values ('tt2025690', '190', '1');
insert into roles values ('tt2025690', '191', '0');
insert into roles values ('tt2025690', '192', '0');
insert into roles values ('tt2025690', '193', '0');
insert into roles values ('tt2025690', '194', '0');
insert into genreMap values ('tt2025690', '9');
insert into genreMap values ('tt2025690', '2');
insert into genreMap values ('tt2025690', '13');
insert into filmData values ('tt2025690', 'movie');
insert into rating values ('tt2025690', '26,790', '58', '6.8');
insert into filmInfo values ('tt2025690', 'The Finest Hours', '29 Jan 2016', 'PG-13', 'USA');
insert into roles values ('tt4667094', '195', '2');
insert into roles values ('tt4667094', '196', '2');
insert into roles values ('tt4667094', '197', '1');
insert into roles values ('tt4667094', '195', '0');
insert into roles values ('tt4667094', '198', '0');
insert into roles values ('tt4667094', '199', '0');
insert into roles values ('tt4667094', '200', '0');
insert into genreMap values ('tt4667094', '5');
insert into filmData values ('tt4667094', 'movie');
insert into rating values ('tt4667094', '9,493', '28', '3.5');
insert into filmInfo values ('tt4667094', 'Fifty Shades of Black', '29 Jan 2016', 'R', 'USA');
insert into roles values ('tt2140037', '201', '2');
insert into roles values ('tt2140037', '202', '2');
insert into roles values ('tt2140037', '203', '2');
insert into roles values ('tt2140037', '204', '2');
insert into roles values ('tt2140037', '205', '1');
insert into roles values ('tt2140037', '206', '0');
insert into roles values ('tt2140037', '207', '0');
insert into roles values ('tt2140037', '208', '0');
insert into roles values ('tt2140037', '209', '0');
insert into genreMap values ('tt2140037', '9');
insert into genreMap values ('tt2140037', '2');
insert into genreMap values ('tt2140037', '14');
insert into filmData values ('tt2140037', 'movie');
insert into rating values ('tt2140037', '8,766', '49', '5.8');
insert into filmInfo values ('tt2140037', 'Jane Got a Gun', '29 Jan 2016', 'R', 'USA');
insert into roles values ('tt5310090', '210', '2');
insert into roles values ('tt5310090', '211', '2');
insert into roles values ('tt5310090', '212', '2');
insert into roles values ('tt5310090', '211', '1');
insert into roles values ('tt5310090', '213', '0');
insert into roles values ('tt5310090', '214', '0');
insert into roles values ('tt5310090', '215', '0');
insert into roles values ('tt5310090', '216', '0');
insert into genreMap values ('tt5310090', '9');
insert into genreMap values ('tt5310090', '2');
insert into genreMap values ('tt5310090', '15');
insert into filmData values ('tt5310090', 'movie');
insert into rating values ('tt5310090', '4,126', 'N/A', '7.9');
insert into filmInfo values ('tt5310090', 'Saala Khadoos', '29 Jan 2016', 'N/A', 'India');
insert into genre values ('3', 'Mystery');
insert into genre values ('13', 'History');
insert into genre values ('15', 'Sport');
insert into genre values ('10', 'Biography');
insert into genre values ('6', 'Horror');
insert into genre values ('1', 'Crime');
insert into genre values ('2', 'Drama');
insert into genre values ('14', 'Western');
insert into genre values ('4', 'Animation');
insert into genre values ('8', 'Adventure');
insert into genre values ('9', 'Action');
insert into genre values ('5', 'Comedy');
insert into genre values ('11', 'War');
insert into genre values ('7', 'Thriller');
insert into genre values ('12', 'Sci-Fi');
insert into person values ('174', 'Gabe Vargas');
insert into person values ('56', 'Bonnie Nadzam (novel)');
insert into person values ('178', 'Glenn Berger');
insert into person values ('164', 'Oscar Isaac');
insert into person values ('40', 'Gazal Dhaliwal (dialogue)');
insert into person values ('121', 'Zoey Deutch');
insert into person values ('134', 'Lauren Cohan');
insert into person values ('24', 'Tom Hardy');
insert into person values ('95', 'Mark Twain (novels)');
insert into person values ('17', 'Stephanie Vogt');
insert into person values ('28', 'Brett Granstaff');
insert into person values ('51', 'Corneliu Porumboiu');
insert into person values ('138', 'Tai-Li Chan');
insert into person values ('26', 'Will Poulter');
insert into person values ('203', 'Joel Edgerton (screenplay)');
insert into person values ('161', 'Garrett Hedlund');
insert into person values ('117', 'John Phillips');
insert into person values ('3', 'Kurt Russell');
insert into person values ('127', 'J Blakeson');
insert into person values ('9', 'David Thewlis');
insert into person values ('206', 'Natalie Portman');
insert into person values ('181', 'Jack Black');
insert into person values ('63', 'James Franco');
insert into person values ('146', 'Jacob Gentry');
insert into person values ('142', 'Donnie Yen');
insert into person values ('52', 'Toma Cuzin');
insert into person values ('207', 'Joel Edgerton');
insert into person values ('65', 'Barry Del Sherman');
insert into person values ('79', 'James Badge Dale');
insert into person values ('144', 'Jin Zhang');
insert into person values ('170', 'Alexandru Dabija');
insert into person values ('88', 'Trevor Wall');
insert into person values ('106', 'Rupert Grint');
insert into person values ('21', 'Michael Punke (based in part on the novel by)');
insert into person values ('87', 'Jamie Lissow');
insert into person values ('16', 'Eoin Macken');
insert into person values ('200', 'Mike Epps');
insert into person values ('37', 'Natasha Sahgal (screenplay)');
insert into person values ('57', 'Ross Partridge (screenplay)');
insert into person values ('137', 'Jim Norton');
insert into person values ('78', 'John Krasinski');
insert into person values ('186', 'Paul Tamasy (screenplay)');
insert into person values ('104', 'Dean Craig');
insert into person values ('150', 'AJ Bowen');
insert into person values ('172', 'Declan Dale');
insert into person values ('60', 'Jess Weixler');
insert into person values ('114', 'Tim Robbins');
insert into person values ('69', 'Greg Coolidge (characters)');
insert into person values ('133', 'William Brent Bell');
insert into person values ('29', 'Warren P. Sonoda');
insert into person values ('12', 'Sarah Cornwell');
insert into person values ('25', 'Domhnall Gleeson');
insert into person values ('15', 'Natalie Dormer');
insert into person values ('105', 'Antoine Bardou-Jacquet');
insert into person values ('209', 'Noah Emmerich');
insert into person values ('167', 'Radu Jude');
insert into person values ('96', 'Kyle Gallner');
insert into person values ('53', 'Adrian Purcarescu');
insert into person values ('154', 'Raman Hui');
insert into person values ('171', 'Gee Malik Linton (screenplay)');
insert into person values ('97', 'Matthew Gray Gubler');
insert into person values ('33', 'Vidhu Vinod Chopra (story)');
insert into person values ('47', 'Sam Waterston');
insert into person values ('38', 'Shubhra Marfatia (screenplay)');
insert into person values ('55', 'Radu Banzaru');
insert into person values ('109', 'Stephen Campbell Moore');
insert into person values ('5', 'Walton Goggins');
insert into person values ('202', 'Anthony Tambakis (screenplay)');
insert into person values ('31', 'T.J. McGibbon');
insert into person values ('43', 'John Abraham');
insert into person values ('155', 'Baihe Bai');
insert into person values ('189', 'Michael J. Tougias (book)');
insert into person values ('90', 'Heather Graham');
insert into person values ('141', 'Wilson Yip');
insert into person values ('185', 'Scott Silver (screenplay)');
insert into person values ('216', 'Nasser');
insert into person values ('145', 'Mike Tyson');
insert into person values ('86', 'Malcolm T. Goldman');
insert into person values ('214', 'Ritika Singh');
insert into person values ('44', 'Farhan Akhtar');
insert into person values ('187', 'Eric Johnson (screenplay)');
insert into person values ('50', 'Corey Stoll');
insert into person values ('175', 'Sandy Tejada');
insert into person values ('18', 'Osamu Tanpopo');
insert into person values ('85', 'Steven Altiere');
insert into person values ('100', 'Theo James');
insert into person values ('135', 'Rupert Evans');
insert into person values ('131', 'Bailey Anne Borders');
insert into person values ('92', 'Bill Nighy');
insert into person values ('149', 'Brianne Davis');
insert into person values ('112', 'Paula Farias (novel)');
insert into person values ('74', 'Benjamin Bratt');
insert into person values ('8', 'Duke Johnson');
insert into person values ('211', 'Sudha Kongara');
insert into person values ('54', 'Corneliu Cozmei');
insert into person values ('153', 'Alan Yuen');
insert into person values ('7', 'Charlie Kaufman (play)');
insert into person values ('115', 'Olga Kurylenko');
insert into person values ('120', 'Zac Efron');
insert into person values ('183', 'Dustin Hoffman');
insert into person values ('136', 'James Russell');
insert into person values ('23', 'Leonardo DiCaprio');
insert into person values ('110', 'Fernando León de Aranoa');
insert into person values ('208', 'Ewan McGregor');
insert into person values ('160', 'William Monahan');
insert into person values ('139', 'Lai-yin Leung');
insert into person values ('2', 'Samuel L. Jackson');
insert into person values ('152', 'Alan Yuen (story)');
insert into person values ('122', 'Aubrey Plaza');
insert into person values ('108', 'Robert Sheehan');
insert into person values ('82', 'Daniel Altiere (story)');
insert into person values ('205', 'Gavin OConnor');
insert into person values ('188', 'Casey Sherman (book)');
insert into person values ('77', 'Michael Bay');
insert into person values ('159', 'William Monahan (screenplay)');
insert into person values ('157', 'Wu Jiang');
insert into person values ('27', 'Scott Crowell');
insert into person values ('73', 'Tika Sumpter');
insert into person values ('196', 'Rick Alvarez');
insert into person values ('34', 'Vidhu Vinod Chopra (screenplay)');
insert into person values ('128', 'Chloë Grace Moretz');
insert into person values ('215', 'Mumtaz Sorcar');
insert into person values ('91', 'Ken Jeong');
insert into person values ('177', 'Jonathan Aibel');
insert into person values ('143', 'Lynn Hung');
insert into person values ('42', 'Amitabh Bachchan');
insert into person values ('13', 'Ben Ketai');
insert into person values ('158', 'Elaine Jin');
insert into person values ('101', 'Dakota Fanning');
insert into person values ('22', 'Alejandro G. Iñárritu');
insert into person values ('99', 'Andrew Renzi');
insert into person values ('62', 'Gabrielle Demeestere');
insert into person values ('165', 'Radu Jude (screenplay)');
insert into person values ('130', 'Gabriela Lopez');
insert into person values ('46', 'Tim Blake Nelson');
insert into person values ('194', 'Eric Bana');
insert into person values ('179', 'Alessandro Carloni');
insert into person values ('1', 'Quentin Tarantino');
insert into person values ('72', 'Kevin Hart');
insert into person values ('168', 'Teodor Corban');
insert into person values ('102', 'Richard Gere');
insert into person values ('103', 'Cheryl Hines');
insert into person values ('10', 'Tom Noonan');
insert into person values ('4', 'Jennifer Jason Leigh');
insert into person values ('39', 'Abhijeet Deshpande (dialogue)');
insert into person values ('118', 'Dan Mazer');
insert into person values ('132', 'Stacey Menear');
insert into person values ('193', 'Ben Foster');
insert into person values ('89', 'Rob Schneider');
insert into person values ('70', 'Tim Story');
insert into person values ('76', 'Mitchell Zuckoff (book)');
insert into person values ('213', 'Madhavan');
insert into person values ('140', 'Edmond Wong');
insert into person values ('45', 'Aditi Rao Hydari');
insert into person values ('19', 'Mark L. Smith (screenplay)');
insert into person values ('151', 'Scott Poythress');
insert into person values ('32', 'Diahann Carroll');
insert into person values ('199', 'Fred Willard');
insert into person values ('173', 'Ana de Armas');
insert into person values ('191', 'Chris Pine');
insert into person values ('64', 'Henry Hopper');
insert into person values ('67', 'Phil Hay');
insert into person values ('71', 'Ice Cube');
insert into person values ('20', 'Alejandro G. Iñárritu (screenplay)');
insert into person values ('123', 'Susannah Grant (screenplay)');
insert into person values ('198', 'Kali Hawk');
insert into person values ('93', 'Aaron Nee');
insert into person values ('124', 'Akiva Goldsman (screenplay)');
insert into person values ('195', 'Marlon Wayans');
insert into person values ('197', 'Michael Tiddes');
insert into person values ('68', 'Matt Manfredi');
insert into person values ('6', 'Charlie Kaufman');
insert into person values ('166', 'Florin Lazarescu');
insert into person values ('201', 'Brian Duffield (screenplay)');
insert into person values ('169', 'Mihai Comanoiu');
insert into person values ('36', 'Bejoy Nambiar (screenplay)');
insert into person values ('116', 'Mélanie Thierry');
insert into person values ('148', 'Chad McKnight');
insert into person values ('30', 'Lara Jean Chorostecki');
insert into person values ('111', 'Diego Farias (collaborating writer)');
insert into person values ('163', 'Cletus Young');
insert into person values ('48', 'Ivan Goris');
insert into person values ('176', 'Ariel Pacheco');
insert into person values ('14', 'Jason Zada');
insert into person values ('192', 'Casey Affleck');
insert into person values ('147', 'Alex Orr (story)');
insert into person values ('107', 'Ron Perlman');
insert into person values ('125', 'Jeff Pinkner (screenplay)');
insert into person values ('113', 'Benicio Del Toro');
insert into person values ('80', 'Pablo Schreiber');
insert into person values ('204', 'Brian Duffield (story)');
insert into person values ('180', 'Jennifer Yuh Nelson');
insert into person values ('210', 'Sudha Kongara (script)');
insert into person values ('129', 'Matthew Zuk');
insert into person values ('41', 'Bejoy Nambiar');
insert into person values ('126', 'Rick Yancey (novel)');
insert into person values ('66', 'Steven Wiig');
insert into person values ('84', 'Steven Altiere (story)');
insert into person values ('11', 'Nick Antosca');
insert into person values ('81', 'David Denman');
insert into person values ('162', 'Louise Bourgoin');
insert into person values ('212', 'Madhavan (screenplay)');
insert into person values ('35', 'Abhijat Joshi (screenplay)');
insert into person values ('119', 'Robert De Niro');
insert into person values ('58', 'Ross Partridge');
insert into person values ('59', 'Oona Laurence');
insert into person values ('49', 'Rob Morgan');
insert into person values ('83', 'Daniel Altiere');
insert into person values ('75', 'Chuck Hogan (screenplay)');
insert into person values ('98', 'Melissa Benoist');
insert into person values ('156', 'Boran Jing');
insert into person values ('94', 'Adam Nee');
insert into person values ('184', 'Angelina Jolie Pitt');
insert into person values ('61', 'Tom Bower');
insert into person values ('182', 'Bryan Cranston');
insert into person values ('190', 'Craig Gillespie');


